threshold,monitoring_mode,alerts_generated,alert_rate,actual_frauds_caught,fraud_capture_rate,false_positives,false_negatives,precision,recall,f1
0.3,Aggressive,126,0.002212,80,0.816327,46,18,0.634921,0.816327,0.714286
0.4,Balanced,103,0.001808,77,0.785714,26,21,0.747573,0.785714,0.766169
0.5,Balanced,88,0.001545,74,0.755102,14,24,0.840909,0.755102,0.795699
0.6,High Precision,84,0.001475,70,0.714286,14,28,0.833333,0.714286,0.769231
0.7,High Precision,81,0.001422,69,0.704082,12,29,0.851852,0.704082,0.77095
0.8,High Precision,72,0.001264,64,0.653061,8,34,0.888889,0.653061,0.752941
0.9,High Precision,60,0.001053,54,0.55102,6,44,0.9,0.55102,0.683544
