threshold,alerts_generated,alert_rate,frauds_caught,fraud_capture_rate,false_positives,false_negatives,precision,recall,f1
0.3,125,0.002194,87,0.878788,38,12,0.696,0.878788,0.776786
0.4,100,0.001756,83,0.838384,17,16,0.83,0.838384,0.834171
0.5,94,0.00165,82,0.828283,12,17,0.87234,0.828283,0.849741
0.6,89,0.001562,79,0.79798,10,20,0.88764,0.79798,0.840426
0.7,87,0.001527,78,0.787879,9,21,0.896552,0.787879,0.83871
0.8,77,0.001352,72,0.727273,5,27,0.935065,0.727273,0.818182
0.9,64,0.001124,60,0.606061,4,39,0.9375,0.606061,0.736196
